{"mean_scores": [1.701533970347604], "best_params": {"learning_rate": 0.001, "n_estimators": 50}, "best_score": 1.701533970347604}