{"mean_scores": [1.7013544695268616], "best_params": {"learning_rate": 0.001, "n_estimators": 30}, "best_score": 1.7013544695268616}