{"mean_scores": [1.7037517220954548, 1.706535874791483, 1.7085933793339252, 1.7110924839675785], "best_params": {"weights": [0.25, 0.75, 0.25]}, "best_score": 1.7037517220954548}