{"mean_scores": [1.7009685684545781], "best_params": {"weights": [0.25, 0.25, 0.75]}, "best_score": 1.7009685684545781}