{"mean_scores": [1.701654081595796], "best_params": {"learning_rate": 0.001, "n_estimators": 20}, "best_score": 1.701654081595796}