{"mean_scores": [1.7113448564229512, 1.711703492953914, 1.709495455328892, 1.7200615014404257], "best_params": {"weights": [0.25, 0.75, 0.25]}, "best_score": 1.709495455328892}