{"mean_scores": [1.7128306493934538, 1.7101315096599865, 1.711614757488679, 1.7107592809554562], "best_params": {"weights": [0.25, 0.25, 0.75]}, "best_score": 1.7101315096599865}