{"mean_scores": [1.7011181895935987, 1.7011455035392882], "best_params": {"weights": [0.1, 0.4, 0.4]}, "best_score": 1.7011181895935987}