{"mean_scores": [1.6998919545343465], "best_params": {"learning_rate": 0.001, "n_estimators": 50}, "best_score": 1.6998919545343465}