{"mean_scores": [1.7136551895068217, 1.7141418276634828, 1.7133970837988328, 1.7139791215869173, 1.7135224619284728, 1.713929944211049, 1.7166432976262234, 1.7138572190543484, 1.7165001027406295, 1.713740150372175, 1.7164227298895132, 1.7136171027233318, 1.7113718271099887, 1.7101698221212212, 1.7112546033250284, 1.710197772240069, 1.7113333923684395, 1.7103604827435757], "best_params": {"linkage": "ward", "n_clusters": 5, "n_neighbors": 8, "weight": 2.4}, "best_score": 1.7101698221212212}